,title, body,over_18
0,Suicide?,"Why would I, I'm not a lawyer?",False
1,What do you call a prince that does drugs?,His royal highness.,False
2,Iâ€™ve started turning puns into homemade action figures.,,False
3,#Stolen,,False
4,I wonder how Bill Gates gets Windows. Does he get it free? Or does Microsoft Bill Gates?,,False
5,COOKIE PUNS ANYONE?,,False
6,Gandhi,"Gandhi never wore shoes, so his feet were very rough. He also ate very little, which made him very skinny and weak. He was a devout Hindu, which led him to being seen by many of his followers as a religious leader as well as a political reformer. The few things he ate were usually quite pungent, leading to him having bad breath. Finally, he was also a huge fan of Mary Poppins. 

You could say he was a super-calloused-fragile-mystic-hexed-by-halitosis.",False
7,Did yiu know a major mathematical discovery was made when trying to put music online?,They were trying to Log a Rhythm.,False
8,Lexicow - puns'n cows,,False
9,"Once upon a time, there was a country called Garbanzonia.",,False
10,Pun missed,"I feel in sex shops, when you ask where things are, the should refer the sections to SEXtions.
Ex. Oh that's over in the dildo Sextion

I feel like theres been a pun missed here",False
11,These are some fowl roads,,False
12,Volkswagen.,,False
13,Watch till end ðŸ¤£,,False
14,A confusing pun.,Yoshi's Egto-1,False
15,Between a rock and a hard place,Didn't know this server was restricted. Took down the wall.,False
16,the office pun,"What would you call Jim Halpert wearing a bra?

John Brasinki.",False
17,L E G O M A N,,False
18,Nobodynonose,,False
19,This is tearibble,,False
20,I'm no expert but I'm pretty sure this isn't where the subwoofer goes.,,False
21,Meowdy. ðŸ¤ ,,False
22,Howdy.,,False
23,Found in comments,,False
24,Sink sink,,False
25,Lego my eggo,,False
26,*Sigh* arenâ€™t puns tiring,,False
27,bart_ghost_01,,False
28,Medical Pun?,,False
29,This on got me!,,False
30,Some puns for you fine people.,"It really grinds my gears when people say stick-shift is obsolete.

When an astronaut drinks tea, he takes a big space-sip.

The only kind of rap I like is the wrapping paper on gifts. 

Scissors always cut straight to the point. 

When working with electricity, always make sure to be grounded to prevent shocking results.

Architecture is an aSpiring career path.

Never argue with people when they are right or nobody will be left hanging out with you.

Cheese puns are grate because you donâ€™t have to ask for parmesan to use them.

Eskimos have cold personality. It is an ice society, but some of their history chills my spine.

My dog died a few years ago. It was really ruff.

Makes sense. If it makes enough sense, it makes dollars.

Teach a man how to make a fire and he will be warm for a night. Light a man on fire and he will be warm for the rest of his life.

With great reflexes comes great response-ability.

If one had previously claimed something, and now no longer does, is that a disclaimer?

When hanging paintings, the perfect wall placement nails it.",False
31,Da bus go,,False
32,Then there was the woman who backed up into a turboprop.....,.....dis-assed her,False
33,The Daly Grind,"Iâ€™m building a website for a new business in my area - a cafe and coworking space. The owner is super funny and wants the site to be humorous so I want to surprise her with a bunch of puns. Problem is, my brain doesnâ€™t work like this so Iâ€™m hoping some of you kind folks can help me out. The cafe will be called the Daly Grind after the ownerâ€™s last name. Thanks so much!

Edited for clarity, I have tons of puns related to coffee, Iâ€™m more interested in puns applicable to Coworking spaces or cafes. Thanks!",False
34,Mouse trap,,False
35,I laughed at this for a couple of horses,,False
36,My teacher told me to turn in my paper by I ain't no snitch.,,False
37,"Need a pun for the name ""cherish""",,False
38,A sign of the times,,False
39,"Work was slow, I made a â€œChainsawâ€.",,False
40,Sultan Qaboos bin Said dies at the age of 79,O man!,False
41,A brief chase..,,False
42,Well that's what they said,,False
43,Need pun for name Julian,Need a pun involving the name Julian :),False
44,Fish is hish,Because f is h,False
45,What do you call fish that canâ€™t swim?,"â€œHa, you canâ€™t swim!â€",False
46,Need puns for the name rupsha,,False
47,Need puns and jokes involving Matt,"A friend of mine is dating a guy named Matt and she has yet to tell her dad so me and some other friends have been making jokes about him when her dad is around like ""what do you call a guy with no arm or leg laying on your front porch"" or when she gets upset ""what's with all the MATTitude"". I'm hoping the good people of Reddit can help come up with some more matt jokes/puns. Thanks for the help.",False
48,This joke panes me.,,False
49,[request] I need a good pun/play on words joke with a payphone,I'm looking for some puns involving payphones if anyone knows any.,False
50,Happy New Year :),,False
51,This grew on me.,,False
52,I hate it when someone asks me where i see myself in 52 minutes time,"I don't have 2020 vision

(GMT)",False
53,Food puns,"lettuce=let us

any more?",False
54,Smooth af.,,False
55,Her lego away,,False
56,FRIEND: Sorry I can't come to your party. I've turned into liquid,"ME: Oh no, pour you",False
57,Is something burning,,False
58,battle continues!,,False
59,Saber,,False
60,Merry Christmas everyone!,,False
61,Hahaha.,,False
62,This made me laugh so hard.,,False
63,How dairy,,False
64,Baby yoda,,False
65,REJECTED,,False
66,French fries,,False
67,The president was impeached.,,False
68,Too literal.,,False
69,Boobs are the devil.,,False
70,He's only a fizzicist.,,False
71,Sensitive.,,False
72,I'm proud of this.,,False
73,He's mooved everywhere with me.,,False
74,My username,My username was just used as a pun... and I actually half smiled about it!!! Darn youuuuuuuu!!!!!,False
75,Itâ€™s shedding!,,False
76,Crayon drama.,,False
77,Bee Gee Board. ðŸ¤£,,False
78,Pun Contest! Win $150 Amazon eGift Card,"Our Golf Pun contest is starting tonight at 5PM EST.  It's free to enter.  Winner gets150 Amazon eGift Card .........

Please invite all the punsters you'd like .......... [https://golfpuns.com/index.php](https://golfpuns.com/index.php)",False
79,Solid.,,False
80,ðŸ˜†,,False
81,Cheese puns are grate. ðŸ§€,,False
82,ðŸ¦ˆ,,False
83,ðŸ˜‚,,False
84,Edge Sheeran,,False
85,What is the best thing of having sex with twenty six year olds,There are twenty of them,False
86,Make pun. Collect bounty. Repeat.,,False
87,My company is giving yo-yos as our gift this holidays and we are trying to think of a pun to include in our greeting cards. Any ideas?,,False
88,Bye,,False
89,What do you call an Angel's poop?,***H o l y  S  h i t.***,False
90,"You don't wanna laundry, what would you say?","Post-malone-dreee
(as in post Ma laundry)",False
91,What do you call a pirate,"What do you call a well-endowed pirate?

Long johnson silver",False
92,I need a good pun for work,"Hi all,

I'm tasked to come up with a fun message to qrite at my job.
I work in a hairsalon in yhe Netherlands, its aupposed to be written on this smaller chalkboard.
Right now there is written 'have a nice hair day'.... its as awfull as it sounds. Help me!",False
93,Minority Whip,,False
94,Saw this on Discord,,False
95,Baby donkey breeding market,"The baby donkey breeding market is unappealing to sellers as it's a small-as(s)-fuck business,",False
96,Saw this Uberru Outback today.,,False
97,What do you call Theodore on public transit?,Bus-ted,False
98,A sensible pun,"I was sitting on a bench cuddling a cat after the end of school. Suddenly, an old man with sunglasses encountered me and made a pun.

Here's the conversation:
+ When will the Japanese say ""GÃ¼naydÄ±n""? (means good morning in Turkish)
- Dunno when?
+ When they learn Turkish...",False
99,Spider-Man ps4 has finally been ported to Windows,,False
100,Send Carl places!,,False
101,I bought a TV dinner,,False
102,Iâ€™m taking a lichen to fungi,,False
103,Know 96 Kuli Maratha Matrimony Sites & Explore its Best Service,,False
104,Looking for pun with a girl name Sweta,,False
105,its 'fry' day some where,,False
106,That's pretty lit,,False
107,What did the squirrel say after he got ran over by the 2nd tire?,I'm retired,False
108,A pun,"What would the movie coralline be called if it was made by fish?




Coral-line",False
109,A pun,"Me:itâ€™s much better than up dog

Person: whatâ€™s up dog?

Me:not much whatâ€™s up with you?

Person:ðŸ˜‘",False
110,Looking for a pun with the name sneha.,Help me out guys,False
111,My pee-riod,"F(21). I have an overactive bladder due to anxiety disorder. Once every month for a few days, my bladder starts acting up and I'm peeing like 20+ times a day. Decided to call it my pee-riod from now on. Feels like it, hurts like it.",False
112,That's mys-tit-fying though,I once met a girl who said her boobs smelt like plastic. I just couldn't digest it,False
113,need a punny title for a yearbook," 

our yearbook is a fairytale theme this year and we need a good title. our school's name is Normal community west, our mascot is the wild cat, and his name is willie.

book example: [https://i.gr-assets.com/images/S/compressed.photo.goodreads.com/books/1490780300l/34220784.\_SX318\_.jpg](https://i.gr-assets.com/images/S/compressed.photo.goodreads.com/books/1490780300l/34220784._SX318_.jpg)",False
114,For all you Star Wars/ John William's fans,,False
115,This is my new iPhone Poor,,False
116,A very a GRATE picture,,False
117,"A girl messaged me first for the first time, and I made the most of it",,False
118,Why do pun birthday cards always amuse me.,,False
119,I just watched a documentary on how ships are held together,It was rivetting,False
120,"Rich people purchase, poor people 'poor-chase'",,False
121,My moms putting up curtains. The perfect opportunity.,"Mom: â€œHey Matthew! Grab the screws will you?â€

Me: â€œOh screw this.â€




Mom: â€œCan you grab the nails please?â€

Me: â€œYeah. Hey, youâ€™e nailing this!â€




Mom: â€œMatthew, the drill is on the counter. Would you mind...â€

Me: â€œDonâ€™t worry mom. I know the drill by now.â€",False
122,It's a cowch,,False
123,Sandpaper assault,,False
124,Sex Tape,"&#x200B;

[Sex Tape](https://preview.redd.it/pc2urk15oer31.jpg?width=3024&format=pjpg&auto=webp&s=7ec0fc182651f9c65147d93698356683012b8a43)",False
125,Pun in the post,,False
126,A very sealy pun,"&#x200B;

https://preview.redd.it/45q0mszvy3r31.png?width=868&format=png&auto=webp&s=26d421a36e52fa705100a22aad7c67a6ded06a9d",False
127,Especially if his name is Richard,,False
128,An interesting title - _-,,False
129,I'll see myself out,,False
130,I would buy this,,False
131,Prince of Whales??,,False
132,"Colonel Sanders, hmm... Did he ""sand"" anyone?",,False
133,"This is the rhombicosidodecahedron, a shape with 120 edges. In geometry, the rhombicosidodecahedron, is an Archimedean solid, one of thirteen convex isogonal nonprismatic solids. It has 20 regular triangular faces, 30 square faces, 12 regular pentagonal faces, 60 vertices, and 120 edges.",,False
134,Hehe,It is in unbearable to know that there are people who hate pun puns are eggcelent,False
135,Enrique Iglesias,,False
136,This whole subreddit could be blown to the ground if r/punpatrol came,And that is what I call going pundercover,False
137,Itâ€™s a pepper weight.,,False
138,Here at a pun off in San Francisco before I head home next month,,False
139,Worst booth to get a good deal at the street fair. Everything is sticker price.,,False
140,From Elvira Mistress of the Dark.,,False
141,Koreo,"&#x200B;

https://preview.redd.it/wni9vlm83qn31.png?width=1500&format=png&auto=webp&s=dc0d3201a96bb0511cf5fe9dc5d8bd334093c9d2",False
142,Double run,,False
143,Fruit pun-ch kool aid,,False
144,"Every time i ask my friend if he is gay, he never gives me a straight answer",,False
145,Punny friends be like,,False
146,I knew it !!,,False
147,Itâ€™s real good,,False
148,Next level,"Roses are red
And you better give me credit 
Because if you take time 
You can say you reddit",False
149,How should I reply,,False
150,Iâ€™m just so moved.,,False
151,Walking near a school in Philadelphia,,False
152,A cartoon on hiatus is in suspended animation,,False
153,Need clever name for friendgiving event,Any suggestions?,False
154,HELP! Clever Team Name for Legal Office!,"So my office is participating in a physical team event and we are trying to come up with our Team Name. I was trying to come up with a clever team name using the letters of our firm name: T   E   V   T. There will be 13 ppl on our team, which starts with T, but I couldn't come up with anything clever... 

Help! All ideas are welcome!",False
155,Iâ€™m so tireâ€™d of bad puns,,False
156,A pun about this constellationâ€™s shoulder would reference Orionâ€™s delt,,False
157,Name puns on Sonam?,,False
158,Thank you for the heads up.,,False
159,Question,"So if a Butterfly is a play on the words Flutter by, is a Dragonfly a play on the words Flagon Dry?  ;-)",False
160,And no video games involved here,,False
161,Food Puns!,,False
162,With high reflexes comes great response ability.,NNTO,False
163,"That's for sure an Italian pun, could someone help me to get the meaning? Thanks.",,False
164,Light Beer,,False
165,Eggplant,,False
166,Almaari,,False
167,"What do the movies ""Titanic"" and ""The Sixth Sense"" have in common?",Icy dead people,False
168,"And God said to John, â€œCome forth and you shall be granted eternal life.â€",But John came fifth and won a toaster.,False
169,What's the difference between a dirty old bus stop and a lobster with breast implants?,One is a crusty bus station the other one is a busty crustacean.,False
170,What do you call a dog that does magic tricks?,A labracadabrador.,False
171,What did the pirate say when he turned 80 years old?,Aye matey!,False
172,dont get sand witches in your sandwiches,,False
173,Nice one,,False
174,Cat puns freak meowt,"Seriously, I'm not kitten",False
175,What did John Wick name his brand of basketball shoes?,,False
176,"Prince said now, overcast days never turned me on; but this storm is...",,False
177,"Found this at the store, Bread Pit",,False
178,Makes sense,,False
179,Major Opportunity Missed,Whoever thought of calling all that sadness and depression that one feels when something bad happens missed a major opportunity by calling it â€œemotional baggageâ€ instead of a griefcase.,False
180,T H I R S T,"If you drink a glass of water....

&#x200B;

you should melt it down, before you consume the ice.",False
181,It's just a cact,"&#x200B;

https://preview.redd.it/gceppugwinb31.png?width=207&format=png&auto=webp&s=7b10452ac302e25dcffa179b3d2298affc3f8537",False
182,Arya 51,,False
183,Did you hear about the pancake that lives a double life as a waffle?,It's his alter-eggo.,False
184,"yâ€™all my bf never stops with the puns, and for that, i love him",,False
185,What's the ultimate publisher of totally not biased journalism? ðŸ“–,News Peak,False
186,Badpun?,,False
187,Friends Reconnect,,False
188,got em,,False
189,Insurance for older people who play video games?,"AAARP




WHAT WHAAAAAAAAT",False
190,If the creator of Minecraft goes up the stairs...,Guess you can say he's stepping up a notch,False
191,Jeff Bezos,"&#x200B;

https://preview.redd.it/9h5apa6wk5931.png?width=500&format=png&auto=webp&s=3bf2f0f6c6ec7c8145aa14d370c5aef8c0afeb29",False
192,A Public Safety Post 4 the 4th Festivities,"  When it comes to the storage, and transport of fireworks, and ordinance people can be either pro-fused, or con-fused.
  Pro-fused people usually have no idea what they are doing wrong.",False
193,"Gallows humor, it's a real noose-ance!","It's almost five in the morning over here in Germany, I can't sleep and this is the best my brain has to offer.",False
194,Value added tax puns,"Vat the hell is VAT?

&#x200B;

VAT man.",False
195,Name one thing more terrible than delicate toilet paper that's too easily tearable.,,False
196,"Our purpose may be garden by our simple minds not understanding... But,","&#x200B;

[i am a pun lord](https://preview.redd.it/6z1swzn9oj731.png?width=614&format=png&auto=webp&s=ae91355056f2fef601aaf1570e1471e0696d950f)",False
197,What do you call a gay man who just bought a house for the first time?,A homowner.,False
198,Just getting naked with Jones,,False
199,Those schticky synonym puns. Fresh from the oven.,,False
200,I saw a pig in a desert once,It was bacon out there.,False
201,Yett,I don't like 420 memes out of 20 points I give them only 4,False
202,"I saw someone tweeted: ""Asking the wine connoisseurs: What pair well with the fall of America?""...","And I replied: ""Err... Autumn of the UK?""

Did I do it right? =))",False
203,This takes me back.,,False
204,So I learned today you can joke about anyone...except Mexicans.,That's crossing a border!,False
205,Here is a song idea,Sane Dawson: Hooked On A Feline,False
206,A small Pun,"What are Wolves called that browse Reddit?















Predditors",False
207,Sad Pants,,False
208,What's a comedians favorite breakfast?,"Pun-cakes!

&#x200B;

&#x200B;

ohmygodthisissobad",False
209,My relationship in a nutshell ðŸ˜‚,,False
210,"Then there's the Tate Compass factory, a miserable failure",He who has a Tate's is lost,False
211,A Library-themed D&D session with the following set-ups: Players get a bonus for each pun they figure out,"1: Paper Golems that resemble the top-halves of Roman Soldiers. They are jerks, and will force you to complete difficult tongue-twisters. One makes cowards cross, and the other uses sticky nets.

2: A paper golem bird-lizard that forces you to change which words you're using until defeated.

3: A set of large paper golems with one eye each. 

> > 3a. One example is wearing heavy armor of light-red and blue-red fern-like designs, a fetching light-blue german helmet, and is attempting to kill folks with an extra long spear

4: A paper Dragon with no wings.

5: Pointy-eared bastards that Silence you whenever you get too loud.

6: A false one of the above. His spells don't work, and his fake ears are attached to his equally fake Pompadour. The jumpsuit's real, though.

7: Tiny water elementals that are dreadfully morose

8: An ornate Treasure Chest that is filled with Undead Electric Bees. How shocking!

9: A bust that fires 6 crossbow bolts per round, and reloads all 6 in one go.

10: A rough-hewn sculpture of a fish-panther

11: Nuts that forecast the weather when consumed

12: Deceptive Clusterfruits (i.e., when you eat them, you're compelled to lie, and others are forced to believe you).

13: If you somehow bring a Pirate into the room containing the snacks above, the room instead contains Freedom Fighters allied with the Pirate.

14: A room that only pole-arm wielders can enter

--------------------------------------------------------------------

Answers, in order:

1: >!Dick-tionaries. Specifically, Ox-Ford and Webster!<  
2: >!The Saurus!<  
3: >!Encyclopsedias. The given example is the P volume: Pastel Pink and Purple Paisley Plate armor, with a pretty periwinkle Prussian pickelhaube, poking people with a pike.!<  
4: >!The Bookwyrm!<    
5: >!Shhelves!<    
6: >!An Elvish Impersonator. He's in the Reference section...!<  
7: >!Dewey Dismals!<  
8: >!An Ark that is boo-bee trapped with Arc-Hives!<  
9: >!a Magazine Rack/Booby trap!<  
10: >!Cod-Cat o'Logs!<  
11: >!Almondacs!<  
12: >!Lie-berries!<  
13: >!Libations become Lib***ARR***ations!<  
14: >!Staff Lounge!<",False
212,Was laying in a hammock with my girlfriend when the sun started shining in our eyes...,It was sunfortunate,False
213,Punteresting question,What kind of bees give out milk ?,False
214,What do you call a vampire on the dole?,A bloodger.,False
215,I bought a boat....,Because it was for sail.,False
216,What do you call a bear with no teeth?,A Gummy Bear.,False
217,A sperm donor a witness and Julius ceased walked into a bar.....,"Vidi, vici, vini",False
218,Titles are weird," If I watch inspector calls, in glasses. could i say i was watching in spectacles?",False
219,I was wondering why the ball was getting bigger...,Then it hit me.,False
220,So my friend Juan went golfing the other day,"Some guy swung too hard and hit Juan in the head. You know what, the guy didn't get a hole-in-one, but he made a hole-in-Juan.",False
221,can we get some appreciation?,,False
222,Im trying to make a chat suffer,Give me your worst puns,False
223,Superhero Special Move,"I was reading a comic about superheros, and one of the superhero's was so incompetent and amateur, he only had one move. It was 'RUN AWAY!!!!!!!'. 

And it was a RUNNING joke in the comics.

&#x200B;

&#x200B;

&#x200B;

&#x200B;

&#x200B;

&#x200B;

&#x200B;

&#x200B;

This post happened because I made a pun at school without intending to.",False
224,"I saw a homeless man with a cardboard sign at a corner. All it said was,","""I'm xenaxious.""",False
225,"""Stop the musical show!""","cried Tom, disconcertingly!",False
226,Just some minor baggage,"A father and son are checking in for a flight, with 2 bags each. The son puts his first bag on the scale for it to be weighed, and checked.

The boy moves to put his other bag on the same scale, but before he does, his father says,

""No no no, that's a carry-on, my wayward son""",False
227,It's a panda lamp,,False
228,Teacher pun help,"My friend just graduated and is going to be a teacher, any pun suggestions?",False
229,Obscure Pun Challenged,,False
230,"What do gravity, and time have in common?",Both involve wait/weight.,False
231,"What's wrong, Rex?",,False
232,Funny Math Pun Shirt,,False
233,make me suffer,,False
234,Was this a good pun/joke/clever comment? [Final Fantasy X],"Lead up -  I asked for some good tips to do a solo run of Final Fantasy X, and they said it's good to give your other two party members the Petrified status, which turns them into stone.

&#x200B;

The pun - I quickly responded to this tip with a link to the Bob Dylan song, ""Rainy Day Woman #12 & 35,"" which has the chorus of, *""But I would feel not so all alone.  Everybody must get stoned,""* playing on the solo game (so all alone) and making my party members ""stoned""",False
235,This is why we fight so much.,,False
236,Savege answer to the officer,"Officer: your headlight is broken
Me: no your brain is broken
Officer: See's headlight is not broken â€œoh shitâ€",False
237,"A mean crook going down stairs = A condescending con, descending.",,False
238,Not today chrome dome!,,False
239,mike was house key,,False
240,Which is the most favourite Carbon compound of Captain America? Bucky-ball,,False
241,Classic Book Puns,,False
242,Pun in Maths,A quadilateral at a bus stop in Rome: Rhombus.,False
243,"as April is taken to be all about pot and 4:20, should we honour next month as mdm-May?",baddum dum,False
244,Blade,,False
245,Starbucksâ€™ Chief Operating Officerâ€™s name is Rosalind Brewer.,,False
246,Y'all ready for the Zombie Aporkalypse?,,False
247,Quasimodo's home destroyed by fire,We will have to get over this hump somehow.,False
248,Quasimodo's home destroyed by fire,"Global News: Notre Dame at risk of collapse as firefighters battle massive inferno.
https://globalnews.ca/news/5168799/fire-tears-through-notre-dame-cathedral-in-paris/

We will have to get over this hump somehow.",False
249,Quasimodo's home destroyed by fire,We will have to get over this hump somehow.,False
250,Quasimodo's home destroyed by fire,"Global News: Notre Dame at risk of collapse as firefighters battle massive inferno.
https://globalnews.ca/news/5168799/fire-tears-through-notre-dame-cathedral-in-paris/

We will have to get over this hump somehow.",False
251,"Hay, y'all!",,False
252,im 14 and this is deep,14 year old stands by the mariana trench r/im14andthisisdeep,False
253,Why I stopped doing puns,,False
254,Found during a walk around RVA. Leatherworking business.,,False
255,Trump Putin,,False
256,I got tired of the TMNT fan club so I formed a splinter group,Donatello nobody,False
257,If we scooped little ball-shaped pieces of our brains could we say we have...,Peas of mind?,False
258,If there's cells for humans in prisons for humans...,Then/Than(idk) where do we keep all those plant cells?,False
259,This is a little dark,,False
260,I think itâ€™s sexist that the U.S. Postal Service calls it â€œmail.â€,,False
261,A math pun for the engineer in you.,,False
262,Perfect name for a German offshot of Kickstarter?,Krautfunding,False
263,Pls help with puns for the name Chloe,"So our school does these senior shirt things where you put a pun or something â€” but unfortunately I canâ€™t come up with good puns for the life of me. 

My last name is Brunswick if that helps with anything.

Thank you so much! ðŸ˜…",False
264,Bread Crumby,,False
265,Let's float this one by you...,,False
266,Tie toll.,,False
267,"For the nostaligic, or obsurists.",,False
268,This is not an interesting tile tool...,,False
269,Need a pun for Bbq sauce or smoked ribs..,,False
270,Do you like birds?,"No,  I find them fowl ",False
271,Why did everyone ask out the Mushroom ?,Because he was a Fungi ( please pronounce it as Fun-guy even if you prefer fun-gee),False
272,Pun needed for Seawell beach wedding,"Hopefully I came to the right place ðŸ¤žðŸ» wanting a pun-ny short saying for my friends beach wedding. 
All I have so far is â€œwe donâ€™t see good, we Seawellâ€
And â€œShe sells Seawells by the seashoreâ€ ",False
273,What did the necromancer use to style his hair?,A catacomb.,False
274,PUNnnnnnnnn,,False
275,The newspaper at Subway,,False
276,[REQUEST] Need a pun product title,"The product is frozen strawberries, and I'd like the product title to involve some sort of pun. 

Thanks in advance!",False
277,"Can I get your order please? Ah, yeah, I'll have an",,False
278,My name is larious.,everyone texts me: Hi larious,False
279,"When you are new to reddit, the first thing you search for...",,False
280,"Man, last year even santa wished me merry mas...cause he had an idea I would get my x",,False
281,Need some help.,Need some help with a pick up line pun involving Charity.,False
282,Punny?,"Goes on Reddit, top post are garbage. 
",False
283,Light and dark puns,"Can you guys help me out with some puns about light and dark?
",False
284,At steak,,False
285,Is it Opposite Day today?,"No, it is not. ",False
286,"I don't speak Latin, per se","So I'm not very good with languages in general, but I do speak Pig Latin, which is how I got my pen name, olguysTOSlay. Oh, and quick apology for using this post to farm karma. If that concerns you, don't worry, I'm not a fan of Buddha - I much prefer jelly.

&#x200B;

Pretty sweet post so far, huh? I'd add some more sugar, but you guys would probably be salty, which would be counterproductive. Speaking of counterproductive, I once knew a guy who was like that - he built counters for a living. He was a math teacher. Another guy I know was double-majoring in math and entomology - called himself a mothmetician. Really bugged me at first, but now I realize it's pretty fly.

&#x200B;

Speaking of flying, someone once asked me if I knew any bird puns. I said that there weren't many to s-beak of, but I tried to wing it and post one on twitter. It attracted a lot more puns - real technical, wordy ones. I guess nerds of a feather flock together. One of them tried to Switch things up by talking about video games - no pun Nintendo-ed

&#x200B;

You're probably tired of hearing me talk about how I Noah guy, so here comes an ark to save you. I hope you don't have any extra luggage, because the elephants are taking up most of the trunk space.

&#x200B;

Like herbs, puns can get annoying in large amounts, so I'll sage the rest for next thyme.",False
287,I was going to be a mortician but they told me it was a dying trade,,False
288,Dad jokes meet dog jokes,"Do you know why redwood is the favorite tree species of every dog?

It has the thickest bark.",False
289,"What is the difference between a fish, a piano, and tube of gule","Me: You can tune a piano but you cant tune a fish.

F: Where does the gule come in?

Me: I knew you get stuck on that",False
290,This is not mine but it's good,,False
291,Good pun,"This grandma was getting beat up by two guys, so I decided to help with the three of us she didn't stand a chance. ",False
292,High effort meme,,False
293,Jokes,,False
294,Yeah you probably did,,False
295,What did Harry Potter say when he tripped over his broom while walking?,""" OW!! I Hur-my-knee !! """,False
296,If you get it.....,,False
297,Hehehe yup,,False
298,Button Ideas for administrative professionalsâ€™ day,I would like to make cute buttons for my staff to celebrate Admin Professionalsâ€™ Day. Looking for punny ideas that will make them smile and feel empowered and motivated. Thank you!,False
299,This pun is very egghilarating,,False
300,Where's the bee?,,False
301,Had to pay Attention...,,False
302,adoption,"so basically, when I was young, I was in a bunch of orphan homes and stuff. I never really had any friends or anything, and I pretty much was just waiting for when I turned 18 so I could leave. One day, one of the usual suspects comes in, but he is alone. He is a really rich dude, looking to do the weird homeschool thing in the cool mansion. I still remember the stiff cot under me when he came in. 

""Hey,"" he said   
""hi,"" I said. 

he left immediately, and then came back later. that's all he needed, and I was adopted immediately. I was so happy. we got into his nice Mercedes, and drove off. We stopped at a nearby restaurant, which was the first meal I had had outside the orphanage in years.   
""you hungry?"" he says with his dark shades on

""OMG yes I'm starving"" I reply 

he takes off his shades to reveal a tear in his eye

""Hi starving, I'm dad""",False
303,thanksgiving dinners are crazy,"So I was at a Thanksgiving dinner, and my brother absolutely despises Sobe water. there was a big heckin bucket and that was pretty much the only drink other than water. my brother keeps asking for different drinks but the hosts decline. anyways he gets stabbed through the chest with a 4-foot English longsword, and reaches for a sobe water while coughing up blood. 

""if i must drink sobe water for the rest of my life, then sobe it"" he says as he collapses to the ground. ",False
304,I need help with a pun?,"Can i do this here? anyway here goes.

&#x200B;

My wife loves churros and i have got her a churro card for Valentines but i need something cheesy and churro inspired to go in it! - thanks

&#x200B;",False
305,how to train a deer,,False
306,Possibly the furthest I've gone for a pun,-.. .- ... .... / -.. --- - / -.. --- - / -.. --- - / -.. .- ... .... / -.. --- - / -.. --- - / -.. --- - / -.. --- - / -.. --- - / -.. --- - / -.. --- - / -..-. / -.. .- ... .... / -.. --- - / -.. --- - / -.. .- ... .... / -.. .- ... .... / -.. .- ... .... / -.. .- ... .... / -..-. / -.. .- ... .... / -.. --- - / -.. --- - / -.. .- ... .... / -.. .- ... .... / -.. .- ... .... / -.. .- ... .... / -..-. / -.. .- ... .... / -.. --- - / -.. --- - / -.. .- ... .... / -.. .- ... .... / -.. .- ... .... / -.. .- ... .... / -..-. / -.. .- ... .... / -.. --- - / -.. --- - / -.. --- - / -.. .- ... .... / -.. --- - / -.. --- - / -.. --- - / -.. --- - / -.. --- - / -.. --- - / -.. --- - / -..-. / -.. .- ... .... / -.. --- - / -.. --- - / -.. .- ... .... / -.. .- ... .... / -.. .- ... .... / -.. .- ... .... / -..-. / -.. .- ... .... / -.. --- - / -.. --- - / -.. .- ... .... / -.. .- ... .... / -.. .- ... .... / -.. .- ... .... / -..-. / -.. .- ... .... / -.. --- - / -.. --- - / -.. .- ... .... / -.. .- ... .... / -.. .- ... .... / -.. .- ... .... / -..-. / -.. .- ... .... / -.. --- - / -.. --- - / -.. .- ... .... / -.. .- ... .... / -.. .- ... .... / -.. .- ... .... / -..-. / -.. .- ... .... / -.. --- - / -.. --- - / -.. .- ... .... / -.. .- ... .... / -.. .- ... .... / -.. .- ... .... / -..-. / -.. .- ... .... / -.. --- - / -.. --- - / -.. .- ... .... / -.. .- ... .... / -.. .- ... .... / -.. .- ... .... / -..-. / -.. .- ... .... / -.. --- - / -.. --- - / -.. .- ... .... / -.. .- ... .... / -.. .- ... .... / -.. .- ... .... / -..-. / -.. .- ... .... / -.. --- - / -.. --- - / -.. .- ... .... / -.. --- - / -..-. / -.. .- ... .... / -.. --- - / -.. --- - / -.. --- - / -.. .- ... .... / -.. --- - / -.. --- - / -.. --- - / -.. --- - / -.. --- - / -.. --- - / -.. --- - / -..-. / -.. .- ... .... / -.. --- - / -.. --- - / -.. .- ... .... / -.. .- ... .... / -.. .- ... .... / -.. .- ... .... / -..-. / -.. .- ... .... / -.. --- - / -.. --- - / -.. .- ... .... / -.. .- ... .... / -.. .- ... .... / -.. .- ... .... / -..-. / -.. .- ... .... / -.. --- - / -.. --- - / -.. --- - / -.. .- ... .... / -.. --- - / -.. --- - / -.. --- - / -.. --- - / -.. --- - / -.. --- - / -.. --- - / -..-. / -.. .- ... .... / -.. --- - / -.. --- - / -.. --- - / -.. .- ... .... / -.. --- - / -.. --- - / -.. --- - / -.. --- - / -.. --- - / -.. --- - / -.. --- - / -..-. / -.. .- ... .... / -.. --- - / -.. --- - / -.. --- - / -.. .- ... .... / -.. --- - / -.. --- - / -.. --- - / -.. --- - / -.. --- - / -.. --- - / -.. --- - / -..-. / -.. .- ... .... / -.. --- - / -.. --- - / -.. --- - / -.. .- ... .... / -.. --- - / -.. --- - / -.. --- - / -.. --- - / -.. --- - / -.. --- - / -.. --- - / -..-. / -.. .- ... .... / -.. --- - / -.. --- - / -.. .- ... .... / -.. --- - / -..-. / -.. .- ... .... / -.. --- - / -.. --- - / -.. --- - / -.. .- ... .... / -.. --- - / -.. --- - / -.. --- - / -.. --- - / -.. --- - / -.. --- - / -.. --- - / -..-. / -.. .- ... .... / -.. --- - / -.. --- - / -.. .- ... .... / -.. .- ... .... / -.. .- ... .... / -.. .- ... .... / -..-. / -.. .- ... .... / -.. --- - / -.. --- - / -.. .- ... .... / -.. .- ... .... / -.. .- ... .... / -.. .- ... .... / -..-. / -.. .- ... .... / -.. --- - / -.. --- - / -.. .- ... .... / -.. .- ... .... / -.. .- ... .... / -.. .- ... .... / -..-. / -.. .- ... .... / -.. --- - / -.. --- - / -.. --- - / -.. .- ... .... / -.. --- - / -.. --- - / -.. --- - / -.. --- - / -.. --- - / -.. --- - / -.. --- - / -..-. / -.. .- ... .... / -.. --- - / -.. --- - / -.. .- ... .... / -.. .- ... .... / -.. .- ... .... / -.. .- ... .... / -..-. / -.. .- ... .... / -.. --- - / -.. --- - / -.. .- ... .... / -.. .- ... .... / -.. .- ... .... / -.. .- ... .... / -..-. / -.. .- ... .... / -.. --- - / -.. --- - / -.. .- ... .... / -.. .- ... .... / -.. .- ... .... / -.. .- ... .... / -..-. / -.. .- ... .... / -.. --- - / -.. --- - / -.. .- ... .... / -.. .- ... .... / -.. .- ... .... / -.. .- ... .... / -..-. / -.. .- ... .... / -.. --- - / -.. --- - / -.. .- ... .... / -.. .- ... .... / -.. .- ... .... / -.. .- ... .... / -..-. / -.. .- ... .... / -.. --- - / -.. --- - / -.. .- ... .... / -.. .- ... .... / -.. .- ... .... / -.. .- ... .... / -..-. / -.. .- ... .... / -.. --- - / -.. --- - / -.. .- ... .... / -.. .- ... .... / -.. .- ... .... / -.. .- ... .... / -..-. / -.. .- ... .... / -.. --- - / -.. --- - / -.. .- ... .... / -.. --- - / -..-. / -.. .- ... .... / -.. --- - / -.. --- - / -.. --- - / -.. .- ... .... / -.. --- - / -.. --- - / -.. --- - / -.. --- - / -.. --- - / -.. --- - / -.. --- - / -..-. / -.. .- ... .... / -.. --- - / -.. --- - / -.. .- ... .... / -.. .- ... .... / -.. .- ... .... / -.. .- ... .... / -..-. / -.. .- ... .... / -.. --- - / -.. --- - / -.. .- ... .... / -.. .- ... .... / -.. .- ... .... / -.. .- ... .... / -..-. / -.. .- ... .... / -.. --- - / -.. --- - / -.. .- ... .... / -.. .- ... .... / -.. .- ... .... / -.. .- ... .... / -..-. / -.. .- ... .... / -.. --- - / -.. --- - / -.. --- - / -.. .- ... .... / -.. --- - / -.. --- - / -.. --- - / -.. --- - / -.. --- - / -.. --- - / -.. --- - / -..-. / -.. .- ... .... / -.. --- - / -.. --- - / -.. .- ... .... / -.. .- ... .... / -.. .- ... .... / -.. .- ... .... / -..-. / -.. .- ... .... / -.. --- - / -.. --- - / -.. .- ... .... / -.. .- ... .... / -.. .- ... .... / -.. .- ... .... / -..-. / -.. .- ... .... / -.. --- - / -.. --- - / -.. .- ... .... / -.. .- ... .... / -.. .- ... .... / -.. .- ... .... / -..-. / -.. .- ... .... / -.. --- - / -.. --- - / -.. .- ... .... / -.. .- ... .... / -.. .- ... .... / -.. .- ... .... / -..-. / -.. .- ... .... / -.. --- - / -.. --- - / -.. .- ... .... / -.. .- ... .... / -.. .- ... .... / -.. .- ... .... / -..-. / -.. .- ... .... / -.. --- - / -.. --- - / -.. .- ... .... / -.. .- ... .... / -.. .- ... .... / -.. .- ... .... / -..-. / -.. .- ... .... / -.. --- - / -.. --- - / -.. .- ... .... / -.. .- ... .... / -.. .- ... .... / -.. .- ... .... / -..-. / -.. .- ... .... / -.. --- - / -.. --- - / -.. .- ... .... / -.. --- - / -..-. / -.. .- ... .... / -.. --- - / -.. --- - / -.. --- - / -.. .- ... .... / -.. --- - / -.. --- - / -.. --- - / -.. --- - / -.. --- - / -.. --- - / -.. --- - / -..-. / -.. .- ... .... / -.. --- - / -.. --- - / -.. .- ... .... / -.. .- ... .... / -.. .- ... .... / -.. .- ... .... / -..-. / -.. .- ... .... / -.. --- - / -.. --- - / -.. .- ... .... / -.. .- ... .... / -.. .- ... .... / -.. .- ... .... / -..-. / -.. .- ... .... / -.. --- - / -.. --- - / -.. .- ... .... / -.. .- ... .... / -.. .- ... .... / -.. .- ... .... / -..-. / -.. .- ... .... / -.. --- - / -.. --- - / -.. --- - / -.. .- ... .... / -.. --- - / -.. --- - / -.. --- - / -.. --- - / -.. --- - / -.. --- - / -.. --- - / -..-. / -.. .- ... .... / -.. --- - / -.. --- - / -.. .- ... .... / -.. .- ... .... / -.. .- ... .... / -.. .- ... .... / -..-. / -.. .- ... .... / -.. --- - / -.. --- - / -.. .- ... .... / -.. .- ... .... / -.. .- ... .... / -.. .- ... .... / -..-. / -.. .- ... .... / -.. --- - / -.. --- - / -.. .- ... .... / -.. .- ... .... / -.. .- ... .... / -.. .- ... .... / -..-. / -.. .- ... .... / -.. --- - / -.. --- - / -.. .- ... .... / -.. .- ... .... / -.. .- ... .... / -.. .- ... .... / -..-. / -.. .- ... .... / -.. --- - / -.. --- - / -.. .- ... .... / -.. .- ... .... / -.. .- ... .... / -.. .- ... .... / -..-. / -.. .- ... .... / -.. --- - / -.. --- - / -.. .- ... .... / -.. .- ... .... / -.. .- ... .... / -.. .- ... .... / -..-. / -.. .- ... .... / -.. --- - / -.. --- - / -.. .- ... .... / -.. .- ... .... / -.. .- ... .... / -.. .- ... .... / -..-. / -.. .- ... .... / -.. --- - / -.. --- - / -.. .- ... .... / -.. --- - / -..-. / -.. .- ... .... / -.. --- - / -.. --- - / -.. --- - / -.. .- ... .... / -.. --- - / -.. --- - / -.. --- - / -.. --- - / -.. --- - / -.. --- - / -.. --- - / -..-. / -.. .- ... .... / -.. --- - / -.. --- - / -.. .- ... .... / -.. .- ... .... / -.. .- ... .... / -.. .- ... .... / -..-. / -.. .- ... .... / -.. --- - / -.. --- - / -.. .- ... .... / -.. .- ... .... / -.. .- ... .... / -.. .- ... .... / -..-. / -.. .- ... .... / -.. --- - / -.. --- - / -.. --- - / -.. .- ... .... / -.. --- - / -.. --- - / -.. --- - / -.. --- - / -.. --- - / -.. --- - / -.. --- - / -..-. / -.. .- ... .... / -.. --- - / -.. --- - / -.. --- - / -.. .- ... .... / -.. --- - / -.. --- - / -.. --- - / -.. --- - / -.. --- - / -.. --- - / -.. --- - / -..-. / -.. .- ... .... / -.. --- - / -.. --- - / -.. --- - / -.. .- ... .... / -.. --- - / -.. --- - / -.. --- - / -.. --- - / -.. --- - / -.. --- - / -.. --- - / -..-. / -.. .- ... .... / -.. --- - / -.. --- - / -.. --- - / -.. .- ... .... / -.. --- - / -.. --- - / -.. --- - / -.. --- - / -.. --- - / -.. --- - / -.. --- - / -..-. / -.. .- ... .... / -.. --- - / -.. --- - / -.. .- ... .... / -.. --- - / -..-. / -.. .- ... .... / -.. --- - / -.. --- - / -.. --- - / -.. .- ... .... / -.. --- - / -.. --- - / -.. --- - / -.. --- - / -.. --- - / -.. --- - / -.. --- - / -..-. / -.. .- ... .... / -.. --- - / -.. --- - / -.. .- ... .... / -.. .- ... .... / -.. .- ... .... / -.. .- ... .... / -..-. / -.. .- ... .... / -.. --- - / -.. --- - / -.. .- ... .... / -.. .- ... .... / -.. .- ... .... / -.. .- ... .... / -..-. / -.. .- ... .... / -.. --- - / -.. --- - / -.. .- ... .... / -.. .- ... .... / -.. .- ... .... / -.. .- ... .... / -..-. / -.. .- ... .... / -.. --- - / -.. --- - / -.. --- - / -.. .- ... .... / -.. --- - / -.. --- - / -.. --- - / -.. --- - / -.. --- - / -.. --- - / -.. --- - / -..-. / -.. .- ... .... / -.. --- - / -.. --- - / -.. .- ... .... / -.. .- ... .... / -.. .- ... .... / -.. .- ... .... / -..-. / -.. .- ... .... / -.. --- - / -.. --- - / -.. .- ... .... / -.. .- ... .... / -.. .- ... .... / -.. .- ... .... / -..-. / -.. .- ... .... / -.. --- - / -.. --- - / -.. .- ... .... / -.. .- ... .... / -.. .- ... .... / -.. .- ... .... / -..-. / -.. .- ... .... / -.. --- - / -.. --- - / -.. .- ... .... / -.. .- ... .... / -.. .- ... .... / -.. .- ... .... / -..-. / -.. .- ... .... / -.. --- - / -.. --- - / -.. .- ... .... / -.. .- ... .... / -.. .- ... .... / -.. .- ... .... / -..-. / -.. .- ... .... / -.. --- - / -.. --- - / -.. .- ... .... / -.. .- ... .... / -.. .- ... .... / -.. .- ... .... / -..-. / -.. .- ... .... / -.. --- - / -.. --- - / -.. .- ... .... / -.. .- ... .... / -.. .- ... .... / -.. .- ... .... / -..-. / -.. .- ... .... / -.. --- - / -.. --- - / -.. .- ... .... / -.. --- - / -..-. / -.. .- ... .... / -.. --- - / -.. --- - / -.. --- - / -.. .- ... .... / -.. --- - / -.. --- - / -.. --- - / -.. --- - / -.. --- - / -.. --- - / -.. --- - / -..-. / -.. .- ... .... / -.. --- - / -.. --- - / -.. .- ... .... / -.. .- ... .... / -.. .- ... .... / -.. .- ... .... / -..-. / -.. .- ... .... / -.. --- - / -.. --- - / -.. .- ... .... / -.. .- ... .... / -.. .- ... .... / -.. .- ... .... / -..-. / -.. .- ... .... / -.. --- - / -.. --- - / -.. --- - / -.. .- ... .... / -.. --- - / -.. --- - / -.. --- - / -.. --- - / -.. --- - / -.. --- - / -.. --- - / -..-. / -.. .- ... .... / -.. --- - / -.. --- - / -.. --- - / -.. .- ... .... / -.. --- - / -.. --- - / -.. --- - / -.. --- - / -.. --- - / -.. --- - / -.. --- - / -..-. / -.. .- ... .... / -.. --- - / -.. --- - / -.. --- - / -.. .- ... .... / -.. --- - / -.. --- - / -.. --- - / -.. --- - / -.. --- - / -.. --- - / -.. --- - / -..-. / -.. .- ... .... / -.. --- - / -.. --- - / -.. --- - / -.. .- ... .... / -.. --- - / -.. --- - / -.. --- - / -.. --- - / -.. --- - / -.. --- - / -.. --- - / -..-. / -.. .- ... .... / -.. --- - / -.. --- - / -.. .- ... .... / -.. --- - / -..-. / -.. .- ... .... / -.. --- - / -.. --- - / -.. --- - / -.. .- ... .... / -.. --- - / -.. --- - / -.. --- - / -.. --- - / -.. --- - / -.. --- - / -.. --- - / -..-. / -.. .- ... .... / -.. --- - / -.. --- - / -.. .- ... .... / -.. .- ... .... / -.. .- ... .... / -.. .- ... .... / -..-. / -.. .- ... .... / -.. --- - / -.. --- - / -.. .- ... .... / -.. .- ... .... / -.. .- ... .... / -.. .- ... .... / -..-. / -.. .- ... .... / -.. --- - / -.. --- - / -.. --- - / -.. .- ... .... / -.. --- - / -.. --- - / -.. --- - / -.. --- - / -.. --- - / -.. --- - / -.. --- - / -..-. / -.. .- ... .... / -.. --- - / -.. --- - / -.. --- - / -.. .- ... .... / -.. --- - / -.. --- - / -.. --- - / -.. --- - / -.. --- - / -.. --- - / -.. --- - / -..-. / -.. .- ... .... / -.. --- - / -.. --- - / -.. --- - / -.. .- ... .... / -.. --- - / -.. --- - / -.. --- - / -.. --- - / -.. --- - / -.. --- - / -.. --- - / -..-. / -.. .- ... .... / -.. --- - / -.. --- - / -.. --- - / -.. .- ... .... / -.. --- - / -.. --- - / -.. --- - / -.. --- - / -.. --- - / -.. --- - / -.. --- - / -..-. / -.. .- ... .... / -.. --- - / -.. --- - / -.. .- ... .... / -.. --- - / -..-. / -.. .- ... .... / -.. --- - / -.. --- - / -.. --- - / -.. .- ... .... / -.. --- - / -.. --- - / -.. --- - / -.. --- - / -.. --- - / -.. --- - / -.. --- - / -..-. / -.. .- ... .... / -.. --- - / -.. --- - / -.. .- ... .... / -.. .- ... .... / -.. .- ... .... / -.. .- ... .... / -..-. / -.. .- ... .... / -.. --- - / -.. --- - / -.. .- ... .... / -.. .- ... .... / -.. .- ... .... / -.. .- ... .... / -..-. / -.. .- ... .... / -.. --- - / -.. --- - / -.. .- ... .... / -.. .- ... .... / -.. .- ... .... / -.. .- ... .... / -..-. / -.. .- ... .... / -.. --- - / -.. --- - / -.. --- - / -.. .- ... .... / -.. --- - / -.. --- - / -.. --- - / -.. --- - / -.. --- - / -.. --- - / -.. --- - / -..-. / -.. .- ... .... / -.. --- - / -.. --- - / -.. .- ... .... / -.. .- ... .... / -.. .- ... .... / -.. .- ... .... / -..-. / -.. .- ... .... / -.. --- - / -.. --- - / -.. .- ... .... / -.. .- ... .... / -.. .- ... .... / -.. .- ... .... / -..-. / -.. .- ... .... / -.. --- - / -.. --- - / -.. .- ... .... / -.. .- ... .... / -.. .- ... .... / -.. .- ... .... / -..-. / -.. .- ... .... / -.. --- - / -.. --- - / -.. .- ... .... / -.. .- ... .... / -.. .- ... .... / -.. .- ... .... / -..-. / -.. .- ... .... / -.. --- - / -.. --- - / -.. .- ... .... / -.. .- ... .... / -.. .- ... .... / -.. .- ... .... / -..-. / -.. .- ... .... / -.. --- - / -.. --- - / -.. .- ... .... / -.. .- ... .... / -.. .- ... .... / -.. .- ... .... / -..-. / -.. .- ... .... / -.. --- - / -.. --- - / -.. .- ... .... / -.. .- ... .... / -.. .- ... .... / -.. .- ... .... / -..-. / -.. .- ... .... / -.. --- - / -.. --- - / -.. .- ... .... / -.. --- - / -..-. / -.. .- ... .... / -.. --- - / -.. --- - / -.. --- - / -.. .- ... .... / -.. --- - / -.. --- - / -.. --- - / -.. --- - / -.. --- - / -.. --- - / -.. --- - / -..-. / -.. .- ... .... / -.. --- - / -.. --- - / -.. .- ... .... / -.. .- ... .... / -.. .- ... .... / -.. .- ... .... / -..-. / -.. .- ... .... / -.. --- - / -.. --- - / -.. .- ... .... / -.. .- ... .... / -.. .- ... .... / -.. .- ... .... / -..-. / -.. .- ... .... / -.. --- - / -.. --- - / -.. .- ... .... / -.. .- ... .... / -.. .- ... .... / -.. .- ... .... / -..-. / -.. .- ... .... / -.. --- - / -.. --- - / -.. --- - / -.. .- ... .... / -.. --- - / -.. --- - / -.. --- - / -.. --- - / -.. --- - / -.. --- - / -.. --- - / -..-. / -.. .- ... .... / -.. --- - / -.. --- - / -.. .- ... .... / -.. .- ... .... / -.. .- ... .... / -.. .- ... .... / -..-. / -.. .- ... .... / -.. --- - / -.. --- - / -.. .- ... .... / -.. .- ... .... / -.. .- ... .... / -.. .- ... .... / -..-. / -.. .- ... .... / -.. --- - / -.. --- - / -.. .- ... .... / -.. .- ... .... / -.. .- ... .... / -.. .- ... .... / -..-. / -.. .- ... .... / -.. --- - / -.. --- - / -.. .- ... .... / -.. .- ... .... / -.. .- ... .... / -.. .- ... .... / -..-. / -.. .- ... .... / -.. --- - / -.. --- - / -.. .- ... .... / -.. .- ... .... / -.. .- ... .... / -.. .- ... .... / -..-. / -.. .- ... .... / -.. --- - / -.. --- - / -.. .- ... .... / -.. .- ... .... / -.. .- ... .... / -.. .- ... .... / -..-. / -.. .- ... .... / -.. --- - / -.. --- - / -.. .- ... .... / -.. .- ... .... / -.. .- ... .... / -.. .- ... .... / -..-. / -.. .- ... .... / -.. --- - / -.. --- - / -.. .- ... .... / -.. --- - / -..-. / -.. .- ... .... / -.. --- - / -.. --- - / -.. --- - / -.. .- ... .... / -.. --- - / -.. --- - / -.. --- - / -.. --- - / -.. --- - / -.. --- - / -.. --- - / -..-. / -.. .- ... .... / -.. --- - / -.. --- - / -.. .- ... .... / -.. .- ... .... / -.. .- ... .... / -.. .- ... .... / -..-. / -.. .- ... .... / -.. --- - / -.. --- - / -.. .- ... .... / -.. .- ... .... / -.. .- ... .... / -.. .- ... .... / -..-. / -.. .- ... .... / -.. --- - / -.. --- - / -.. .- ... .... / -.. .- ... .... / -.. .- ... .... / -.. .- ... .... / -..-. / -.. .- ... .... / -.. --- - / -.. --- - / -.. --- - / -.. .- ... .... / -.. --- - / -.. --- - / -.. --- - / -.. --- - / -.. --- - / -.. --- - / -.. --- - / -..-. / -.. .- ... .... / -.. --- - / -.. --- - / -.. .- ... .... / -.. .- ... .... / -.. .- ... .... / -.. .- ... .... / -..-. / -.. .- ... .... / -.. --- - / -.. --- - / -.. .- ... .... / -.. .- ... .... / -.. .- ... .... / -.. .- ... .... / -..-. / -.. .- ... .... / -.. --- - / -.. --- - / -.. .- ... .... / -.. .- ... .... / -.. .- ... .... / -.. .- ... .... / -..-. / -.. .- ... .... / -.. --- - / -.. --- - / -.. .- ... .... / -.. .- ... .... / -.. .- ... .... / -.. .- ... .... / -..-. / -.. .- ... .... / -.. --- - / -.. --- - / -.. .- ... .... / -.. .- ... .... / -.. .- ... .... / -.. .- ... .... / -..-. / -.. .- ... .... / -.. --- - / -.. --- - / -.. .- ... .... / -.. .- ... .... / -.. .- ... .... / -.. .- ... .... / -..-. / -.. .- ... .... / -.. --- - / -.. --- - / -.. .- ... .... / -.. .- ... .... / -.. .- ... .... / -.. .- ... .... / -..-. / -.. .- ... .... / -.. --- - / -.. --- - / -.. .- ... .... / -.. --- - / -..-. / -.. .- ... .... / -.. --- - / -.. --- - / -.. --- - / -.. .- ... .... / -.. --- - / -.. --- - / -.. --- - / -.. --- - / -.. --- - / -.. --- - / -.. --- - / -..-. / -.. .- ... .... / -.. --- - / -.. --- - / -.. .- ... .... / -.. .- ... .... / -.. .- ... .... / -.. .- ... .... / -..-. / -.. .- ... .... / -.. --- - / -.. --- - / -.. .- ... .... / -.. .- ... .... / -.. .- ... .... / -.. .- ... .... / -..-. / -.. .- ... .... / -.. --- - / -.. --- - / -.. .- ... .... / -.. .- ... .... / -.. .- ... .... / -.. .- ... .... / -..-. / -.. .- ... .... / -.. --- - / -.. --- - / -.. --- - / -.. .- ... .... / -.. --- - / -.. --- - / -.. --- - / -.. --- - / -.. --- - / -.. --- - / -.. --- - / -..-. / -.. .- ... .... / -.. --- - / -.. --- - / -.. .- ... .... / -.. .- ... .... / -.. .- ... .... / -.. .- ... .... / -..-. / -.. .- ... .... / -.. --- - / -.. --- - / -.. .- ... .... / -.. .- ... .... / -.. .- ... .... / -.. .- ... .... / -..-. / -.. .- ... .... / -.. --- - / -.. --- - / -.. .- ... .... / -.. .- ... .... / -.. .- ... .... / -.. .- ... .... / -..-. / -.. .- ... .... / -.. --- - / -.. --- - / -.. .- ... .... / -.. .- ... .... / -.. .- ... .... / -.. .- ... .... / -..-. / -.. .- ... .... / -.. --- - / -.. --- - / -.. .- ... .... / -.. .- ... .... / -.. .- ... .... / -.. .- ... .... / -..-. / -.. .- ... .... / -.. --- - / -.. --- - / -.. .- ... .... / -.. .- ... .... / -.. .- ... .... / -.. .- ... .... / -..-. / -.. .- ... .... / -.. --- - / -.. --- - / -.. .- ... .... / -.. .- ... .... / -.. .- ... .... / -.. .- ... .... / -..-. / -.. .- ... .... / -.. --- - / -.. --- - / -.. .- ... .... / -.. --- - / -..-. / -.. .- ... .... / -.. --- - / -.. --- - / -.. --- - / -.. .- ... .... / -.. --- - / -.. --- - / -.. --- - / -.. --- - / -.. --- - / -.. --- - / -.. --- - / -..-. / -.. .- ... .... / -.. --- - / -.. --- - / -.. .- ... .... / -.. .- ... .... / -.. .- ... .... / -.. .- ... .... / -..-. / -.. .- ... .... / -.. --- - / -.. --- - / -.. .- ... .... / -.. .- ... .... / -.. .- ... .... / -.. .- ... .... / -..-. / -.. .- ... .... / -.. --- - / -.. --- - / -.. .- ... .... / -.. .- ... .... / -.. .- ... .... / -.. .- ... .... / -..-. / -.. .- ... .... / -.. --- - / -.. --- - / -.. --- - / -.. .- ... .... / -.. --- - / -.. --- - / -.. --- - / -.. --- - / -.. --- - / -.. --- - / -.. --- - / -..-. / -.. .- ... .... / -.. --- - / -.. --- - / -.. .- ... .... / -.. .- ... .... / -.. .- ... .... / -.. .- ... .... / -..-. / -.. .- ... .... / -.. --- - / -.. --- - / -.. .- ... .... / -.. .- ... .... / -.. .- ... .... / -.. .- ... .... / -..-. / -.. .- ... .... / -.. --- - / -.. --- - / -.. .- ... .... / -.. .- ... .... / -.. .- ... .... / -.. .- ... .... / -..-. / -.. .- ... .... / -.. --- - / -.. --- - / -.. .- ... .... / -.. .- ... .... / -.. .- ... .... / -.. .- ... .... / -..-. / -.. .- ... .... / -.. --- - / -.. --- - / -.. .- ... .... / -.. .- ... .... / -.. .- ... .... / -.. .- ... .... / -..-. / -.. .- ... .... / -.. --- - / -.. --- - / -.. .- ... .... / -.. .- ... .... / -.. .- ... .... / -.. .- ... .... / -..-. / -.. .- ... .... / -.. --- - / -.. --- - / -.. .- ... .... / -.. .- ... .... / -.. .- ... .... / -.. .- ... .... / -..-. / -.. .- ... .... / -.. --- - / -.. --- - / -.. .- ... .... / -.. --- - / -..-. / -.. .- ... .... / -.. --- - / -.. --- - / -.. --- - / -.. .- ... .... / -.. --- - / -.. --- - / -.. --- - / -.. --- - / -.. --- - / -.. --- - / -.. --- - / -..-. / -.. .- ... .... / -.. --- - / -.. --- - / -.. .- ... .... / -.. .- ... .... / -.. .- ... .... / -.. .- ... .... / -..-. / -.. .- ... .... / -.. --- - / -.. --- - / -.. .- ... .... / -.. .- ... .... / -.. .- ... .... / -.. .- ... .... / -..-. / -.. .- ... .... / -.. --- - / -.. --- - / -.. --- - / -.. .- ... .... / -.. --- - / -.. --- - / -.. --- - / -.. --- - / -.. --- - / -.. --- - / -.. --- - / -..-. / -.. .- ... .... / -.. --- - / -.. --- - / -.. --- - / -.. .- ... .... / -.. --- - / -.. --- - / -.. --- - / -.. --- - / -.. --- - / -.. --- - / -.. --- - / -..-. / -.. .- ... .... / -.. --- - / -.. --- - / -.. --- - / -.. .- ... .... / -.. --- - / -.. --- - / -.. --- - / -.. --- - / -.. --- - / -.. --- - / -.. --- - / -..-. / -.. .- ... .... / -.. --- - / -.. --- - / -.. --- - / -.. .- ... .... / -.. --- - / -.. --- - / -.. --- - / -.. --- - / -.. --- - / -.. --- - / -.. --- - / -..-. / -.. .- ... .... / -.. --- - / -.. --- - / -.. .- ... .... / -.. --- - / -..-. / -.. .- ... .... / -.. --- - / -.. --- - / -.. --- - / -.. .- ... .... / -.. --- - / -.. --- - / -.. --- - / -.. --- - / -.. --- - / -.. --- - / -.. --- - / -..-. / -.. .- ... .... / -.. --- - / -.. --- - / -.. .- ... .... / -.. .- ... .... / -.. .- ... .... / -.. .- ... .... / -..-. / -.. .- ... .... / -.. --- - / -.. --- - / -.. .- ... .... / -.. .- ... .... / -.. .- ... .... / -.. .- ... .... / -..-. / -.. .- ... .... / -.. --- - / -.. --- - / -.. .- ... .... / -.. .- ... .... / -.. .- ... .... / -.. .- ... .... / -..-. / -.. .- ... .... / -.. --- - / -.. --- - / -.. --- - / -.. .- ... .... / -.. --- - / -.. --- - / -.. --- - / -.. --- - / -.. --- - / -.. --- - / -.. --- - / -..-. / -.. .- ... .... / -.. --- - / -.. --- - / -.. .- ... .... / -.. .- ... .... / -.. .- ... .... / -.. .- ... .... / -..-. / -.. .- ... .... / -.. --- - / -.. --- - / -.. .- ... .... / -.. .- ... .... / -.. .- ... .... / -.. .- ... .... / -..-. / -.. .- ... .... / -.. --- - / -.. --- - / -.. .- ... .... / -.. .- ... .... / -.. .- ... .... / -.. .- ... .... / -..-. / -.. .- ... .... / -.. --- - / -.. --- - / -.. .- ... .... / -.. .- ... .... / -.. .- ... .... / -.. .- ... .... / -..-. / -.. .- ... .... / -.. --- - / -.. --- - / -.. .- ... .... / -.. .- ... .... / -.. .- ... .... / -.. .- ... .... / -..-. / -.. .- ... .... / -.. --- - / -.. --- - / -.. .- ... .... / -.. .- ... .... / -.. .- ... .... / -.. .- ... .... / -..-. / -.. .- ... .... / -.. --- - / -.. --- - / -.. .- ... .... / -.. .- ... .... / -.. .- ... .... / -.. .- ... .... / -..-. / -.. .- ... .... / -.. --- - / -.. --- - / -.. .- ... .... / -.. --- - / -..-. / -.. .- ... .... / -.. --- - / -.. --- - / -.. --- - / -.. .- ... .... / -.. --- - / -.. --- - / -.. --- - / -.. --- - / -.. --- - / -.. --- - / -.. --- - / -..-. / -.. .- ... .... / -.. --- - / -.. --- - / -.. .- ... .... / -.. .- ... .... / -.. .- ... .... / -.. .- ... .... / -..-. / -.. .- ... .... / -.. --- - / -.. --- - / -.. .- ... .... / -.. .- ... .... / -.. .- ... .... / -.. .- ... .... / -..-. / -.. .- ... .... / -.. --- - / -.. --- - / -.. --- - / -.. .- ... .... / -.. --- - / -.. --- - / -.. --- - / -.. --- - / -.. --- - / -.. --- - / -.. --- - / -..-. / -.. .- ... .... / -.. --- - / -.. --- - / -.. --- - / -.. .- ... .... / -.. --- - / -.. --- - / -.. --- - / -.. --- - / -.. --- - / -.. --- - / -.. --- - / -..-. / -.. .- ... .... / -.. --- - / -.. --- - / -.. --- - / -.. .- ... .... / -.. --- - / -.. --- - / -.. --- - / -.. --- - / -.. --- - / -.. --- - / -.. --- - / -..-. / -.. .- ... .... / -.. --- - / -.. --- - / -.. --- - / -.. .- ... .... / -.. --- - / -.. --- - / -.. --- - / -.. --- - / -.. --- - / -.. --- - / -.. --- - / -..-. / -.. .- ... .... / -.. --- - / -.. --- - / -.. .- ... .... / -.. --- - / -..-. / -.. .- ... .... / -.. --- - / -.. --- - / -.. --- - / -.. .- ... .... / -.. --- - / -.. --- - / -.. --- - / -.. --- - / -.. --- - / -.. --- - / -.. --- - / -..-. / -.. .- ... .... / -.. --- - / -.. --- - / -.. .- ... .... / -.. .- ... .... / -.. .- ... .... / -.. .- ... .... / -..-. / -.. .- ... .... / -.. --- - / -.. --- - / -.. .- ... .... / -.. .- ... .... / -.. .- ... .... / -.. .- ... .... / -..-. / -.. .- ... .... / -.. --- - / -.. --- - / -.. --- - / -.. .- ... .... / -.. --- - / -.. --- - / -.. --- - / -.. --- - / -.. --- - / -.. --- - / -.. --- - / -..-. / -.. .- ... .... / -.. --- - / -.. --- - / -.. --- - / -.. .- ... .... / -.. --- - / -.. --- - / -.. --- - / -.. --- - / -.. --- - / -.. --- - / -.. --- - / -..-. / -.. .- ... .... / -.. --- - / -.. --- - / -.. --- - / -.. .- ... .... / -.. --- - / -.. --- - / -.. --- - / -.. --- - / -.. --- - / -.. --- - / -.. --- - / -..-. / -.. .- ... .... / -.. --- - / -.. --- - / -.. --- - / -.. .- ... .... / -.. --- - / -.. --- - / -.. --- - / -.. --- - / -.. --- - / -.. --- - / -.. --- - / -..-. / -.. .- ... .... / -.. --- - / -.. --- - / -.. .- ... .... / -.. --- - / -..-. / -.. .- ... .... / -.. --- - / -.. --- - / -.. --- - / -.. .- ... .... / -.. --- - / -.. --- - / -.. --- - / -.. --- - / -.. --- - / -.. --- - / -.. --- - / -..-. / -.. .- ... .... / -.. --- - / -.. --- - / -.. .- ... .... / -.. .- ... .... / -.. .- ... .... / -.. .- ... .... / -..-. / -.. .- ... .... / -.. --- - / -.. --- - / -.. .- ... .... / -.. .- ... .... / -.. .- ... .... / -.. .- ... .... / -..-. / -.. .- ... .... / -.. --- - / -.. --- - / -.. --- - / -.. .- ... .... / -.. --- - / -.. --- - / -.. --- - / -.. --- - / -.. --- - / -.. --- - / -.. --- - / -..-. / -.. .- ... .... / -.. --- - / -.. --- - / -.. --- - / -.. .- ... .... / -.. --- - / -.. --- - / -.. --- - / -.. --- - / -.. --- - / -.. --- - / -.. --- - / -..-. / -.. .- ... .... / -.. --- - / -.. --- - / -.. --- - / -.. .- ... .... / -.. --- - / -.. --- - / -.. --- - / -.. --- - / -.. --- - / -.. --- - / -.. --- - / -..-. / -.. .- ... .... / -.. --- - / -.. --- - / -.. --- - / -.. .- ... .... / -.. --- - / -.. --- - / -.. --- - / -.. --- - / -.. --- - / -.. --- - / -.. --- - / -..-. / -.. .- ... .... / -.. --- - / -.. --- - / -.. .- ... .... / -.. --- - / -..-. / -.. .- ... .... / -.. --- - / -.. --- - / -.. --- - / -.. .- ... .... / -.. --- - / -.. --- - / -.. --- - / -.. --- - / -.. --- - / -.. --- - / -.. --- - / -..-. / -.. .- ... .... / -.. --- - / -.. --- - / -.. .- ... .... / -.. .- ... .... / -.. .- ... .... / -.. .- ... .... / -..-. / -.. .- ... .... / -.. --- - / -.. --- - / -.. .- ... .... / -.. .- ... .... / -.. .- ... .... / -.. .- ... .... / -..-. / -.. .- ... .... / -.. --- - / -.. --- - / -.. --- - / -.. .- ... .... / -.. --- - / -.. --- - / -.. --- - / -.. --- - / -.. --- - / -.. --- - / -.. --- - / -..-. / -.. .- ... .... / -.. --- - / -.. --- - / -.. --- - / -.. .- ... .... / -.. --- - / -.. --- - / -.. --- - / -.. --- - / -.. --- - / -.. --- - / -.. --- - / -..-. / -.. .- ... .... / -.. --- - / -.. --- - / -.. --- - / -.. .- ... .... / -.. --- - / -.. --- - / -.. --- - / -.. --- - / -.. --- - / -.. --- - / -.. --- - / -..-. / -.. .- ... .... / -.. --- - / -.. --- - / -.. --- - / -.. .- ... .... / -.. --- - / -.. --- - / -.. --- - / -.. --- - / -.. --- - / -.. --- - / -.. --- - / -..-. / -.. .- ... .... / -.. --- - / -.. --- - / -.. .- ... .... / -.. --- - / -..-. / -.. .- ... .... / -.. --- - / -.. --- - / -.. --- - / -.. .- ... .... / -.. --- - / -.. --- - / -.. --- - / -.. --- - / -.. --- - / -.. --- - / -.. --- - / -..-. / -.. .- ... .... / -.. --- - / -.. --- - / -.. .- ... .... / -.. .- ... .... / -.. .- ... .... / -.. .- ... .... / -..-. / -.. .- ... .... / -.. --- - / -.. --- - / -.. .- ... .... / -.. .- ... .... / -.. .- ... .... / -.. .- ... .... / -..-. / -.. .- ... .... / -.. --- - / -.. --- - / -.. --- - / -.. .- ... .... / -.. --- - / -.. --- - / -.. --- - / -.. --- - / -.. --- - / -.. --- - / -.. --- - / -..-. / -.. .- ... .... / -.. --- - / -.. --- - / -.. --- - / -.. .- ... .... / -.. --- - / -.. --- - / -.. --- - / -.. --- - / -.. --- - / -.. --- - / -.. --- - / -..-. / -.. .- ... .... / -.. --- - / -.. --- - / -.. --- - / -.. .- ... .... / -.. --- - / -.. --- - / -.. --- - / -.. --- - / -.. --- - / -.. --- - / -.. --- - / -..-. / -.. .- ... .... / -.. --- - / -.. --- - / -.. --- - / -.. .- ... .... / -.. --- - / -.. --- - / -.. --- - / -.. --- - / -.. --- - / -.. --- - / -.. --- - - -.. --- --.. --- -,False
307,ok???,,False
308,This EGG-xperience was EGG-CELENT,,False
309,A red head neck beard.,"Would you call them a...



Red neck?",False
310,All of you report to r/punpatrol now you creatures,,False
311,[America][runs] on â€œDunkinâ€™â„¢ï¸â€,,False
312,Mmmmm bread,,False
313,Does anybody know any descent skiing puns?,,False
314,What's the longest bone in an atheist's body?,"The *blasfemur.*

&#x200B;

\#OC",False
315,WTF??,"A man walked up to a young woman and said, ""Hi."" 
She turned to him and said, ""Hello,"" back to him. 

Since she was smiling and seemed receptive, he said, ""Wow. I love your breath.""

She immediately scowled, slapped him and then walked away in a huff.  

WTF????",False
316,Stolen.,,False
317,Bike'n,,False
318,Sushi Me Rollin',,False
319,Guess who's back...,,False
320,This post drew me here,,False
321,I've started meditating,"I've started meditating, or as I tell the guys at the gym: doing waits.",False
322,Comment puns here,"Just comment some puns,ok",False
323,I have no idea where this came from.,,False
324,Jack pun,I got my girlfriend Jack shit for Christmas. She really liked the Nightmare Before Christmas beanie.,False
325,What do you call an obscene dust cloud?,da rude sandstorm,False
326,BUSTED on the side of the road doing math..,,False
327,I guess the town can't take a joke,,False
328,Queen pun,,False
329,Love it,,False
330,I wanted a sports game on my PC,Sadly it runs like sh*t,False
331,I think it probably is still considered beef.,"If two vegetarians are fighting, can you still call it beef?",False
332,A smorgasbord of food puns in this sketch...,,False
333,God's Garden,,False
334,I seized the opportunity,,False
335,"I spent 2 hours eating a clock,",U can say that was time consuming.,False
336,Girls,When girls get into pissing contests it never gets very far.,False
337,So orange,"\*My bro\* I dare you to drink orange juice after brushing your teeth.

\*Me\* K

The very next day

&#x200B;

\*My bro\* how did it Taste, and how was it ?

\*Me\* You had to concentrate for most of it, and it was Very Custainable",False
338,This joke is making me salty,,False
339,missile toe,"cant wait to have my first kiss under the missile toe ( Í¡Â° ÍœÊ– Í¡Â°)

https://preview.redd.it/3qw4i9pzaj421.png?width=500&format=png&auto=webp&s=5b533dcdf8b0f7a6ee5aee90ac256658921c703d",False
340,Water funy pun,,False
341,What did the dyslexic farmer say when he was trying to flirt?,You're the apple of my ewe,False
342,Its the revolution that's sweeping the nation!,,False
343,I have a feeling these mandarin oranges are nut-healthy,,False
344,Christmas pun suggestions,I need a Christmas pun for the name Sophie! Any clever people out there to help?,False
345,We suck at apologies 12|01|2018 #arningkingking,,False
346,I love this man.,,False
347,Aspirational Pun,"I want to be a gem seller.  I think it would be really cool, ya know?  Like start out with one gem, say diamonds, and get good and buy and selling them.  Then when your confident in yourself, you can move into more and more gem like Rubies, Sapphires, Emeralds, etc.  I don't know, I really feel like it could become a multi-faceted operation.",False
348,Historical pun on bin liner,,False
349,Achievement Pun,"Nowadays, Dying at age 80+,  that's a-chief-made (achievement). ",False
350,work emails,"I once sent an email to my boss, where I accidently put ""ass attached"" instead of ""as attached"".

It was a picture of him, which was really punny.",False
351,I'm not sure it I like egg nog or not.,I guess I'm just egg-nogstic.,False
352,"Upvote THIS POST ""Missing Medieval Servant"" so this Joke goes to the top of Google Image Search Results!",,False
353,A man asked a woman to elope with him she gave him this...,,False
354,While God was making me he focused on straight line speed,Because I dont have a big wang,False
355,What do you call an automaton designed to propel a canoe or boat by means of a paddle?,A row-bot.,False
356,PUNS IN A TREE,,False
357,Five Element Theory.,"I'm going to school to become a massage therapist, and I love it... except for all of the weird, quazzi-religious, unscientific bullshit, like the Chinese medicine they want me to learn.

I'm in class today, and my teacher closes by telling us we're going to be learning about Wu Xing(zing); but for the purposes of our class we'll call it the five element theory.

""If that's what you want to call it, I won't argue.  I feel like that'd be a Wu Xing battle.""",False
358,Real Punny is coming soon!,"I'm Josh, one of the co-founders of Real Punny. We're a new punny apparel brand and we're coming soon!

&#x200B;

Do you love puns? Yes, of course you do. That's why you're going to love our products!

&#x200B;

If you want to get notified when we launch, enter your email on our site at [www.realpunny.com](https://www.realpunny.com) then check your email to confirm. In addition to notifying you we'll also send you a coupon good for 20% Off your first order! 

&#x200B;

Thanks in advance for your support :)

&#x200B;",False
359,My dad looked at my wallpaper and asked of it was moonshine.,,False
360,My spouse says she'll leave me if I don't stop doing drugs. It's truly a wife or meth situation.,,False
361,Esther-mated,,False
362,Even deers love Spooktober!,,False
363,Feline Wines,,False
364,This Dawsons Creek pun is fire.,,False
365,Bipolar Bears,,False
366,Help with making/ finding a good pun on Unrequited Love,Please help! I need help making/ finding a pun on the theme of unrequited love. If you guys have any suggestions it would be greatly appreciated! It would also be appreciated if you used examples that aren't Shakespeare. Thank You!,False
367,Iâ€™ve had this Winnie the Pooh pic in my bathroom for 9 years and no ones picked up on the pun,,False
368,A Parade of Puns,,False
369,Anyone make a pun by using sumit.,,False
370,Puns for a Sunday Night Swing Dancing Event,Lindy hop and Balboa style in particular. Any help would be punderful.,False
371,People around having a hard time understanding the public relations people from a popular body spray for young men ...,Because they all have a thick Axe scent,False
372,Ba dum tss,,False
373,"Truck carrying Axe body spray explodes in Texas Company says unintentional: ""It was an Axe-i-dent""",,False
374,"If you got strangled before a school day, could you say you were",to blue for school?,False
375,seen at the Italian pastry shop,,False
376,Get it?,,False
377,I feel like he's being a little coy,,False
378,An indirect dirty pun,"While 6 and 9 are broadly considered the sexiest pair of numbers, in truth their relationship is quite stale and vanilla. It's 7 who really shook up 9's life and left 6 fealing afraid.",False
379,Probably took a Goodyear or two ro make it :p,,False
380,Saw your SO the other day! My advice: Run!,,False
381,Afroturf,,False
382,I convinced my fellow actor to trade me his Emmy for my Golden Globe,He took my award for it,False
383,[request] pick up line pun for Mikayla,,False
384,So I bumped my shopping cart into someone elses shopping cart,"The man looked at me and said ""You better have CART insurance"" Chuckled and walked off",False
385,Visual Pun at a food truck,,False
386,Help me with pun on 'Kes'? (it's a person'sname),,False
387,Chivalry?,"Can someone explain this one to me?

""chivalry is the attitude of a man towards a strange woman""",False
388,i want ice cream flavor puns,i want to hear some great ice cream flavor pun names. just kinda board. nothing special.   ,False
389,Give me a pun using 'FAST',,False
390,This grill has got the life,,False
391,"If someone asks if I want more. And I am like, I already had my Sildenafill",,False
392,Pun help for GoFundMe campaign (Disability),"Hi, I'm trying to come up with a good name for my campaign to try to raise enough money for me to afford a power wheelchair and get some semblance of independence back. I used to be much better at this kind of thing but my energy levels are super low and I need to make a logo for this so I can have it launched by my Birthday. 

Ideally to incorporate my name, (Kale) and any one or combination of below (or similar themes!) 

Wheelchair, Power, chair, Wheely, Wheels, Spoons, Spoonie, Walking, Pain, Chronically ill, Freedom, Independence

Thanks in advance lovely redditors <3 ",False
393,Pun help?,Hey there. I was hoping someone could help me find a pun of Gordon Ramsay's name? Thanks!,False
394,Hashtag for my friend's wedding,"Hi guys! I need your best puns. My friend named Excel is getting married to his fiancÃ© Camz (Camille). I need a witty #hashtag for their wedding that includes their names, Excel and Camz/Camille. Please help!",False
395,Punzys Puntastic,,False
396,"I'm a detective, have you seen te quila?","I was told to look for a hairy potter- If you see him, tell him I expecto a shot of patronum.",False
397,"Need a pun involving ""BJJ"" please",,False
398,"you don gotta tell me this pizza sauce is great,",i oregano.,False
399,Explain puns,,False
400,Puns,Know any hippo puns ,False
401,Eh,,False
402,Hey man does your bag go to the gym?,,False
403,My 9 year old daughter thought she was funny. Made me some Brownies for Father's Day.,,False
404,I gave my dad a kidney bean for Fatherâ€™s Day. It took him a second but he finally realized... Iâ€™m a match to donate a kidney!,,False
405,Oooh yeah,,False
406,I'm on bad terms with a waste container,,False
407,Gosling," Gosling  


Gosling is to suckle with lots of salivating an object foreign from your body.  


I was watching the notebook and she was gosling my balls.  


Hey where is Ryan?  
Ryan's Gosling my balls right now can you come back later. ",False
408,Frida Catlo - New Pin I designed,,False
409,PUN MEMES,,False
410,Graduation,"(True Story)
At a graduation ceremony I went to there was a kid who was paralysed and had to be in a wheelchair for the rest of his life but that didn't stop him from getting a good education and trying his absolute best. When he received his diploma everyone was applauding him. I just kinda think it's funny we gave the kid in a wheelchair a standing ovation.",False
411,Highway to Hell or better yet Highway to Zion (Psalm 84),,False
412,I'll take you outta this world,"When I was a kid whenever I got in trouble my mother always said, ""I brought you into this world and I'll take you outta this world if I need to"". Today I am an astronaut and my mother is a rocket engineer. This is not what I thought she meant by taking me ""outta this world"".",False
413,Many lepers were healed right? Naaman only the Syrian.,,False
414,I need a mario or zelda punny idea for a care package for my deployed love. Please?,,False
415,Help Me Out with Joke/parody Names for Scratch Cards?,"So you know how scratch cards have individual names like ""Fast 500"", ""Payday"" , ""Neon 9"" etc.? Well, I'm illustrating a graphic novel and one of my panels is going to have a scratch card display in it, and I would like some funny ideas for parody scratch cards.
 
My ideas so far either make light of the gambling aspect of it, or the shady characters that you often see purchasing them, E.G.:

BIG DREAMS

Gypsy Gold!

GulliblÂ£

Fal$e HopÂ£

and my personal favourite: $ign Off! (As opposed to Signing On which is to claim benefits/welfare/dole. Idk if the term is used outside of the UK)


So there's mine, give me yours! the best ones might make it into our Graphic Novel. :)",False
416,puns,know any puns about fingers ,False
417,IF U LOVE PUNS/MEMES BE SURE TO CHECK TGIS GROWING FUTURE CHANNEL ! ! ! These puns are the besttt of the bestttt :D hurry up boiii hdidbxysbsdgd,,False
418,Help me.,I canâ€™t seem to remember my Alzheimerâ€™s puns.,False
419,Did you hear the one about the gingerbread man whoâ€™s life was falling apart?,It was crumby.,False
420,HDS,,False
421,Satellite jokes,You know what sucks about satellite puns? They never land.,False
422,puns,know any wario land puns ,False
423,puns,know any Luigis mansion puns,False
424,Etymology vs Entomology,People who can't distinguish between etymology and entomology bug me in ways I cannot put into words.,False
425,I've had this pit in my stomach all day,,False
426,puns,know any puns about water,False
427,"Cardi B should open up a donut shop and name it ""Cardi B's Carby D's""",,False
428,Pun,"What do you call a husband who controls his wife with sex ???








A Dick-tator ðŸŒš",False
429,I couldn't find my feces yesterday.,It made me so upset that i lost my shit.,False
430,My husband made this for me. Iâ€™d say heâ€™s nuts about me!!,,False
431,These are my plans for tonight,,False
432,my favorite band.,,False
433,When someone interrupts your jam with their jam,,False
434,"If Cardi B had a baby, would she become Cardamom?",,False
435,I guess suicide bombers are empiricists because they always want to C4 themselves,,False
436,Mueller has yet to play his Trump card.,,False
437,Upon breaking a fast,"You should say ""I'm FED up with being hungry""",False
438,Puns for the name Trisha?,,False
439,Writing an economics essay about... dog shit. Obviously need puns. Please help me.,"Specifically, why don't people clean up after their dogs? ",False
440,"Puns I do not like. Some may be mean, do not say you were warned.","I hate toilet puns cause they are always s****y. Interestingly, puns about paraplegics are always lame, its hard to see where puns about the blind are going, and no arm no leg puns never get anywhere. The final type of pun I do not like are resurrection puns, cause they always come back after they die.  Man, I must have been walking on a barrel, cause I was on a roll, but I must have run out of water, cause I am out of steam.",False
441,What part of the Internet did Al Gore invent?,Al-Gore-ryhthms.,False
442,What would it say if at the end of Nier Automata it promised a part two?,2B continued...,False
443,Why does whale cry when mating?,Cuz she loves a wail,False
444,What kind of cup is often stolen?,Mug cup,False
445,Made me smile,,False
446,Who was the least dependable professional photographer?,Cancel Adams.,False
447,Its boring to be ground breaking.,You would know if the joke didn't go over your head.,False
448,"I just realized, the Necronomicon has the power to create suffixes...","...Because when you open the damn thing, you get the damned things.",False
449,What vegetables keep getting busted for committing crimes?,Collard greens,False
450,Came Up with these over my break.,"What did the tiny pepper say when it got cold.
I'm a little chili.
Did you hear about the shy corn kernel who went to the party?
When things got heated, they say he really popped when he came out of his shell.
",False
451,I Once Visited a Graveyard for Internet Jokes.,I onece visited a graveyard for internet jokes; it was full of dead memes.,False
452,"I did the one on the right, now give me some love :D",,False
453,I try to stay on top of what is trending,"Now, exits signs; they're really on the way out. ",False
454,LOOKING FOR A PUN WITH THE NAME 'YANA' (please),"Does anyone know a pun for a girl with the Yana? Would help a lot! Thanks!

Urgent
",False
455,Cockadile,,False
456,mind your language is still one of the funniest show,,False
457,Time puns,"Hey guys, 

I'm usually quite good at puns but I've been asked to come up with some about a pocket watch and I'm not getting very far. Help me out please? 

I figure anything to do with clock/time/watch/minute/second/hour/clock face 


",False
458,I need a good pun with the name Ira?,Pls help,False
459,The only thing Flat Earthers truly fear is Sphere itself,,False
460,The rotation of the earth really makes my day,,False
461,What is the most common tree in Russia?,A ÑÑƒÐºÐ°more tree.,False
462,My herbalist used to be cool,Now he's just deminted,False
463,Need a funny pun for my friend birthday who is going to be a 18 years old.,"Hi guys, i need funny pun for my friend who is about to be a 18 years old. He was born in 2000 - ''00''. 
I would like to put it on the shirt and make him laugh. 
I appreciate any suggestions :)",False
464,Need a pun for my university degree journal title.,"So I'm writing a journal for my degree and want a pun such as ""Something doesn't add up - my Finance journal"".

My degree is Commerce doubled with Computer Science.
Any suggestions appreciated :)",False
465,What are some good puns about the name Libby Farrell,"Hey guys. I have a very close friend named Libby Farrell. She absolutely hates puns but I enjoy them. Anyways, her birthday is coming up this Sunday and she'll be 21. I'm thinking about doing something special for her. Could you guys try to come up with some puns related to her name or her hobbies? (she loves math, music, cotton candies, and Nicki Minaj). It would be the best if you guys can write that pun down and take a picture of it, and comment below, or simply just write it down in the comment section. I will collect all answers and make her a pun collection related to her, just because she makes fun of us pun people all the time. Thank you very much if you could help. God bless.",False
466,Death of a Salesmanatee...,,False
467,U know something is about to happen,,False
468,Foodcart in North Carolina,,False
469,Why do VD clinics often hire ex-sumo wrestlers?,Because they can beat the crap out of almost anyone,False
470,A lawyer broke the courtroom dress code,which resulted in a law suit.,False
471,Olympic themed party name,"Hosting an olympics themed party, any ideas for a name? (Mainly for the Facebook event)",False
472,National Diarrhea Awareness week . . ., . . .  runs through the week end.,False
473,My tour guide at a Beijing museum was a jaded veteran of the Long March.,Now he's a super-callous fatalistic ex-PLA docent.,False
474,USA Olympic downhill skiers take a slalom vow.,,False
475,Need candle puns????,I just need candle puns to lighten my mood. ,False
476,What is the most common tree at lynchings?,Bigotry,False
477,Mine â¤ï¸,,False
478,What can a deaf protagonist never be?,A HEARo ,False
479,How do you test to see if a scientist is drunk?,Litness paper,False
480,Dangerous Coffee,I'm about to have a cup of dangerous coffee. safe tea first though.,False
481,Cat pun,"I am feline like a purre comedian today. So I'll start using cat puns whenefur pawsible.

",False
482,What are you called when your word play is timely?,Pun-ctual,False
483,What did the drug dealer say when he proposed to his wife?,Marrige-jah-wanna?,False
484,Already,,False
485,That smug swamp cooler and its false humidity.,,False
486,An Italian Pun to blow your collective socks off!!,,False
487,"This guy rocks, but his stormtrooper support act never had any hits",,False
488,Yesterday,,False
489,My electric bill was unusually high this month - I think I found the cause of that.,,False
490,Life is like camping,Its in tents.,False
491,Fanta-stick,,False
492,How to make puns like Liza Koshy...in 30 seconds,,False
493,"Absolutely true, happened yesterday.",I visited married friends of mine I hadn't see for many years.  He and I sat in the living room for several hours reminiscing.  His wife walked through the room several times with just a single 'hello.'  I noticed the whole time the smell of baked goods in the house.  She knows full well I have an extreme allergy to wheat.  When I got home I realized she was probably just being paistry/aggressive. ,False
494,"They should make a graphical user interface called ""Microraptor"".",It would be the [Microraptor GUI](https://www.amnh.org/explore/news-blogs/on-exhibit-posts/get-to-know-a-dino-microraptor-gui/).,False
495,Did you hear they closed down the local cemetery? People were dying to get in there...,,False
496,"I once ate a watch, it was time consuming.",,False
